firstName,lastName,email,password,academicYear
Alice,Kasongo,alice.kasongo@student.unilu.cd,UniluPassword123!,2024-2025
David,Lubamba,david.lubamba@student.unilu.cd,UniluPassword123!,2024-2025
Grace,Ntumba,grace.ntumba@student.unilu.cd,UniluPassword123!,2024-2025
Emmanuel,Kabongo,emmanuel.kabongo@student.unilu.cd,UniluPassword123!,2024-2025
Rachel,Mwamba,rachel.mwamba@student.unilu.cd,UniluPassword123!,2024-2025
