firstName,lastName,email,password,academicYear
Samuel,Kitenge,samuel.kitenge@student.unilu.cd,UniluPassword123!,2024-2025
Grace,Kaumba,grace.kaumba@student.unilu.cd,UniluPassword123!,2024-2025
David,Mutomb,david.mutomb@student.unilu.cd,UniluPassword123!,2024-2025
Ruth,Ngoy,ruth.ngoy@student.unilu.cd,UniluPassword123!,2024-2025
Pierre,Kalonji,pierre.kalonji@student.unilu.cd,UniluPassword123!,2024-2025
