firstName,lastName,email,password,academicYear
Aaron,Luboya,aaron.luboya@student.unilu.cd,UniluPassword123!,2024-2025
Abigail,Kamanda,abigail.kamanda@student.unilu.cd,UniluPassword123!,2024-2025
Elijah,Numbi,elijah.numbi@student.unilu.cd,UniluPassword123!,2024-2025
Sarah,Mukeba,sarah.mukeba@student.unilu.cd,UniluPassword123!,2024-2025
Matthieu,Kabuya,matthieu.kabuya@student.unilu.cd,UniluPassword123!,2024-2025
