firstName,lastName,email,password,academicYear
Isaac,Kazadi,isaac.kazadi@student.unilu.cd,UniluPassword123!,2024-2025
Rachel,Mukendi,rachel.mukendi@student.unilu.cd,UniluPassword123!,2024-2025
Caleb,Ilunga,caleb.ilunga@student.unilu.cd,UniluPassword123!,2024-2025
Esther,Kabwe,esther.kabwe@student.unilu.cd,UniluPassword123!,2024-2025
Paul,Mwilambwe,paul.mwilambwe@student.unilu.cd,UniluPassword123!,2024-2025
